Rk,Name,Age,G,PA,AB,R,H,2B,3B,HR,RBI,SB,CS,BB,SO,BA,OBP,SLG,OPS,TB,GDP,HBP,SH,SF,IBB,Team,PF
8,Pedro Castellanos,26,1,1,1,0,1,0,0,0,0,0,0,0,0,1,1,1,2,1,0,0,0,0,0,OAX,0.985605712
22,Joseph Uzeta,16,1,1,1,1,1,0,0,0,0,0,0,0,0,1,1,1,2,1,0,0,0,0,0,MEX,1.116054408
16,Luis Medina,26,5,4,3,2,2,0,0,0,1,0,0,0,0,0.667,0.75,0.667,1.417,2,0,1,0,0,0,PUE,1.055090728
16,Jafet Ojeda,20,8,6,5,2,3,1,0,0,0,0,0,1,2,0.6,0.667,0.8,1.467,4,0,0,0,0,0,YUC,0.91908046
5,Manuel Barradas,24,3,2,2,0,1,0,0,0,0,0,0,0,1,0.5,0.5,0.5,1,1,0,0,0,0,0,TAB,0.885204422
25,Giancarlo Servin,25,3,4,4,0,2,0,0,0,0,0,0,0,0,0.5,0.5,0.5,1,2,0,0,0,0,0,PUE,1.055090728
23,Sandber Pimentel*,29,7,30,22,4,10,2,0,1,7,1,0,7,4,0.455,0.6,0.682,1.282,15,0,1,0,0,1,LEO,1.107484945
6,Robinson Canó*,41,78,360,327,62,141,26,0,14,77,0,0,26,41,0.431,0.475,0.639,1.114,209,10,4,0,3,4,MEX,1.116054408
22,Tito Polo,29,28,96,83,15,34,7,1,3,17,5,4,4,18,0.41,0.473,0.627,1.1,52,2,6,3,0,0,VER,0.928407717
8,Lewin Díaz*,27,24,105,89,23,36,8,0,7,30,0,0,14,18,0.405,0.476,0.73,1.207,65,1,0,0,2,0,MEX,1.116054408
14,Vimael Machín*,30,85,363,304,64,122,31,1,7,54,10,9,56,37,0.401,0.495,0.579,1.073,176,9,1,1,1,3,JAL,1.010882902
2,Ramón Cabrera#,34,3,11,10,1,4,0,0,1,1,0,0,1,2,0.4,0.455,0.7,1.155,7,0,0,0,0,0,YUC,0.91908046
19,Manuel Orduno,28,3,6,5,0,2,0,0,0,0,0,0,0,1,0.4,0.5,0.4,0.9,2,0,1,0,0,0,VER,0.928407717
29,Sam Travis,30,17,80,70,15,28,8,0,0,8,0,0,8,9,0.4,0.463,0.514,0.977,36,0,1,0,1,1,LEO,1.107484945
19,Jose Vargas,36,1,5,5,1,2,1,0,0,2,0,0,0,2,0.4,0.4,0.6,1,3,0,0,0,0,0,QRO,1.148678145
30,Henry Urrutia*,37,37,159,141,25,55,9,0,4,22,0,1,16,21,0.39,0.447,0.539,0.986,76,5,0,0,2,4,LEO,1.107484945
4,Yurisbel Gracial,38,87,387,348,95,133,24,2,24,83,2,0,35,71,0.382,0.437,0.67,1.106,233,4,1,0,3,1,QRO,1.148678145
5,Luis Barrera*,28,26,123,109,21,41,9,2,2,15,3,0,10,16,0.376,0.438,0.551,0.989,60,0,2,2,0,2,OAX,0.985605712
22,Félix Pérez*,39,44,136,121,16,45,5,0,6,25,1,0,11,17,0.372,0.434,0.562,0.996,68,3,3,0,1,2,TAB,0.885204422
6,Beder Gutierrez,27,12,41,35,11,13,6,0,4,9,0,0,6,7,0.371,0.463,0.886,1.349,31,1,0,0,0,0,QRO,1.148678145
12,Keven Lamas,25,37,155,140,28,52,10,1,5,25,2,1,8,19,0.371,0.426,0.564,0.99,79,5,6,0,1,0,SAL,0.996117193
27,Wilfredo Tovar,32,87,395,350,72,130,19,2,7,44,4,5,39,28,0.371,0.44,0.497,0.937,174,13,4,2,0,0,AGU,0.963026964
10,Anthony Giansanti,35,5,21,19,3,7,3,0,2,9,2,0,2,4,0.368,0.429,0.842,1.271,16,0,0,0,0,0,TIJ,0.965961179
11,Jerar Encarnacion,26,26,107,93,33,34,1,0,19,36,2,0,13,26,0.366,0.439,0.989,1.429,92,3,0,0,1,1,OAX,0.985605712
20,Sergio Perez*,34,31,57,52,9,19,3,0,1,6,0,0,4,12,0.365,0.421,0.481,0.902,25,5,1,0,0,0,AGU,0.963026964
6,Moisés Castillo,24,7,25,22,7,8,1,0,2,5,1,0,3,6,0.364,0.44,0.682,1.122,15,0,0,0,0,0,AGU,0.963026964
15,José Marmolejos*,31,70,322,261,64,95,17,2,10,48,3,2,55,45,0.364,0.47,0.559,1.03,146,6,1,1,4,4,MEX,1.116054408
10,Lewin Díaz*,27,51,209,180,29,65,8,0,12,47,1,0,26,36,0.361,0.44,0.606,1.046,109,3,1,0,2,2,CMP,0.989554266
3,Alexi Amarista*,35,87,401,368,67,133,25,5,15,57,1,3,23,41,0.361,0.402,0.579,0.98,213,5,3,5,2,1,OAX,0.985605712
14,J.J. Matijevic*,28,38,150,133,25,48,10,2,1,18,1,2,16,28,0.361,0.427,0.489,0.915,65,2,0,0,1,0,DUR,1.050243683
8,Brayan Mendoza*,23,52,45,39,9,14,3,1,1,6,0,0,4,8,0.359,0.419,0.564,0.983,22,0,0,2,0,0,MTY,0.977770943
6,Eduardo Diaz,26,8,21,14,3,5,1,0,1,3,1,0,7,4,0.357,0.571,0.643,1.214,9,0,0,0,0,1,TIJ,0.965961179
17,Aldo Nunez#,23,9,16,14,2,5,0,0,0,1,2,1,1,4,0.357,0.438,0.357,0.795,5,0,1,0,0,0,MVA,0.986601464
6,Christopher Escarrega#,24,14,48,45,10,16,6,0,0,7,0,0,3,12,0.356,0.396,0.489,0.885,22,0,0,0,0,0,MTY,0.977770943
6,Saul Garza,26,25,97,87,15,31,5,1,4,16,6,0,4,24,0.356,0.417,0.575,0.991,50,3,5,1,0,0,CHI,1.104916111
16,Roel Santos*,36,35,161,135,30,48,7,3,2,22,9,4,22,19,0.356,0.447,0.496,0.944,67,2,2,0,2,0,QRO,1.148678145
8,Daniel Cornejo,33,53,165,150,27,53,11,2,2,29,2,1,10,36,0.353,0.39,0.493,0.884,74,7,1,1,3,0,AGU,0.963026964
4,Yeison Asencio,34,19,74,71,5,25,5,0,1,16,0,0,3,9,0.352,0.378,0.465,0.843,33,2,0,0,0,1,SAL,0.996117193
2,Rusney Castillo,36,18,75,74,14,26,8,1,3,19,1,1,1,8,0.351,0.36,0.608,0.968,45,3,0,0,0,0,QRO,1.148678145
13,José Martínez,35,12,47,40,7,14,3,0,1,4,0,0,5,6,0.35,0.426,0.5,0.926,20,2,1,0,1,0,YUC,0.91908046
5,Yosmany Guerra*,41,70,287,241,42,84,16,2,4,41,1,1,42,28,0.349,0.451,0.481,0.932,116,7,3,1,0,2,QRO,1.148678145
25,Sam Travis,30,57,262,227,49,79,11,3,4,37,3,5,31,28,0.348,0.431,0.476,0.907,108,4,3,0,1,0,DUR,1.050243683
8,Juan Centeno*,34,44,146,121,12,42,8,0,1,22,0,0,17,24,0.347,0.438,0.438,0.876,53,5,4,2,2,0,SAL,0.996117193
22,Angel Reyes,29,88,371,327,67,113,22,0,19,70,13,9,39,63,0.346,0.412,0.587,1,192,10,1,0,4,2,AGU,0.963026964
12,Balbino Fuenmayor,34,66,262,240,35,83,15,0,13,54,0,0,10,58,0.346,0.37,0.571,0.941,137,14,4,0,8,1,MVA,0.986601464
9,Aldrem Corredor*,28,88,379,329,49,113,22,0,14,69,1,0,48,54,0.344,0.425,0.538,0.963,177,5,0,0,2,4,MVA,0.986601464
4,Franklin Barreto,28,76,372,321,77,110,19,4,16,63,8,2,45,99,0.343,0.43,0.576,1.006,185,5,4,2,0,0,MEX,1.116054408
11,Jesus Loya*,32,37,118,108,12,37,4,0,2,14,0,2,7,14,0.343,0.376,0.435,0.811,47,3,0,1,2,1,CHI,1.104916111
7,Andretty Cordero,27,90,402,363,66,124,29,0,14,78,6,3,29,52,0.342,0.389,0.537,0.927,195,14,2,4,4,1,AGU,0.963026964
12,Victor Marquez#,22,17,47,38,5,13,0,0,0,2,2,2,6,8,0.342,0.432,0.342,0.774,13,0,0,3,0,0,DUR,1.050243683
20,Nicholas Torres,31,85,373,320,65,109,22,0,15,66,10,5,43,85,0.341,0.424,0.55,0.974,176,6,6,0,4,0,ULA,0.968507678
21,Carlos Sepúlveda*,27,58,184,153,30,52,9,1,1,31,6,1,25,20,0.34,0.442,0.431,0.873,66,2,3,3,0,2,MEX,1.116054408
20,Danry Vasquez*,30,87,374,330,53,112,27,9,6,57,7,3,38,57,0.339,0.41,0.53,0.941,175,15,3,1,2,0,DSL,0.964253313
26,Tomás Telis#,33,48,180,157,23,53,8,0,1,23,0,1,14,26,0.338,0.398,0.408,0.805,64,10,3,4,2,2,AGU,0.963026964
13,Keven Lamas,25,42,159,134,26,45,5,2,6,21,1,4,19,28,0.336,0.427,0.537,0.964,72,3,3,2,1,0,LEO,1.107484945
10,Albert Lara,25,52,158,143,23,48,8,2,1,19,2,3,9,22,0.336,0.377,0.441,0.817,63,4,1,4,1,0,ULA,0.968507678
8,Miguel Guzman,28,87,364,339,60,114,15,4,8,38,5,6,15,32,0.336,0.364,0.475,0.839,161,9,2,4,4,0,PUE,1.055090728
8,Alen Hanson#,31,80,359,328,71,110,23,0,16,49,8,5,20,52,0.335,0.375,0.552,0.926,181,3,3,4,4,1,QRO,1.148678145
25,Luis Sardiñas#,31,12,51,42,8,14,1,0,1,11,0,1,6,8,0.333,0.44,0.429,0.869,18,1,2,1,0,0,OAX,0.985605712
23,Arturo Rodriguez,32,22,61,51,8,17,6,0,1,12,0,0,4,10,0.333,0.362,0.51,0.872,26,0,0,3,3,0,SAL,0.996117193
14,Amilcar Gomez#,29,33,21,18,7,6,0,0,0,0,0,1,2,5,0.333,0.429,0.333,0.762,6,0,1,0,0,0,AGU,0.963026964
19,José Pirela,34,23,87,75,21,25,5,0,2,11,3,0,6,14,0.333,0.414,0.48,0.894,36,1,5,0,1,1,MEX,1.116054408
7,Kelvin Gutiérrez,29,87,370,321,62,107,19,0,11,70,6,7,37,54,0.333,0.408,0.495,0.903,159,16,7,0,5,1,QRO,1.148678145
25,Cristian Santana,27,43,179,168,24,56,10,0,5,32,1,1,8,33,0.333,0.369,0.482,0.851,81,5,2,0,1,0,CHI,1.104916111
10,Xavier Fernández,28,7,22,18,4,6,1,0,0,5,0,0,3,3,0.333,0.409,0.389,0.798,7,1,0,0,1,0,MEX,1.116054408
12,Diago Machado*,19,3,3,3,0,1,0,0,0,0,0,0,0,1,0.333,0.333,0.333,0.667,1,0,0,0,0,0,TIJ,0.965961179
9,Braxton Davidson*,28,2,3,3,0,1,0,0,0,1,0,0,0,2,0.333,0.333,0.333,0.667,1,0,0,0,0,0,SAL,0.996117193
17,Daniel Mercado,28,6,3,3,1,1,0,0,0,0,0,0,0,0,0.333,0.333,0.333,0.667,1,0,0,0,0,0,PUE,1.055090728
19,Roy Morales,29,58,185,166,26,55,9,1,0,25,3,2,11,11,0.331,0.388,0.398,0.786,66,2,5,2,1,0,TAB,0.885204422
10,Yonathan Daza,30,58,268,249,42,82,17,2,4,38,7,2,9,38,0.329,0.356,0.462,0.818,115,6,3,4,3,0,OAX,0.985605712
28,Fernando Villegas,26,88,368,317,70,104,15,2,12,58,4,4,35,53,0.328,0.406,0.502,0.908,159,10,10,1,5,0,SAL,0.996117193
27,Rainel Rosario,35,37,155,125,26,41,7,0,7,28,0,2,24,16,0.328,0.445,0.552,0.997,69,5,4,0,2,0,LEO,1.107484945
3,Diosbel Arias,27,47,196,174,41,57,14,0,5,23,1,0,20,39,0.328,0.397,0.494,0.891,86,5,0,2,0,0,MEX,1.116054408
21,Renato Núñez,30,13,54,49,5,16,1,0,3,11,1,0,4,8,0.327,0.389,0.531,0.92,26,1,1,0,0,0,OAX,0.985605712
25,Henry Urrutia*,37,42,167,147,21,48,9,1,3,26,2,0,18,27,0.327,0.407,0.463,0.87,68,2,2,0,0,1,SAL,0.996117193
3,Manuel Boscan*,31,92,387,336,46,110,23,1,10,66,9,5,38,46,0.327,0.409,0.491,0.9,165,8,10,1,2,1,DUR,1.050243683
7,Alan Garcia*,27,40,107,98,16,32,8,0,2,13,3,0,6,20,0.327,0.359,0.469,0.828,46,0,0,1,2,0,LEO,1.107484945
1,Zoilo Almonte#,35,78,336,307,50,100,18,0,22,63,0,1,24,67,0.326,0.375,0.599,0.974,184,6,2,0,3,1,MTY,0.977770943
22,Jonathan Villar#,33,84,376,326,48,106,17,2,3,39,24,6,37,56,0.325,0.4,0.417,0.817,136,9,4,8,1,0,ULA,0.968507678
7,Phillip Evans,31,19,79,68,16,22,0,0,3,11,0,0,9,10,0.324,0.418,0.456,0.874,31,3,2,0,0,0,TIJ,0.965961179
12,Juan Carlos Gamboa*,33,74,304,256,50,83,18,1,7,47,10,2,40,58,0.324,0.423,0.484,0.908,124,3,4,4,0,2,MEX,1.116054408
18,Carlos Munoz*,30,19,38,31,4,10,1,0,3,11,0,1,5,5,0.323,0.421,0.645,1.066,20,1,1,0,1,0,AGU,0.963026964
11,Ramón Flores*,32,57,191,161,34,52,16,1,1,13,2,1,28,31,0.323,0.424,0.453,0.878,73,3,1,0,1,3,MEX,1.116054408
20,Magneuris Sierra*,28,61,277,252,51,81,10,6,5,27,15,2,15,48,0.321,0.361,0.468,0.829,118,0,1,8,1,0,MVA,0.986601464
3,Ali Castillo,35,92,417,371,75,119,21,2,4,41,5,2,37,26,0.321,0.382,0.421,0.802,156,9,2,3,4,0,DSL,0.964253313
23,Ramon Rios,36,79,323,299,41,96,11,1,4,42,8,1,13,16,0.321,0.357,0.405,0.761,121,22,4,6,1,0,AGU,0.963026964
5,Harold Castro*,30,84,363,331,46,106,20,2,6,30,3,3,24,57,0.32,0.366,0.447,0.813,148,6,1,5,2,1,TIJ,0.965961179
17,Julian Ornelas*,27,79,343,306,66,98,22,0,16,84,7,6,30,53,0.32,0.379,0.549,0.928,168,11,2,0,5,1,MEX,1.116054408
11,Juan Kirk,28,56,141,122,14,39,6,0,1,13,1,1,8,21,0.32,0.368,0.393,0.761,48,3,3,5,3,0,PUE,1.055090728
4,Marco Chicuate,31,66,246,222,30,71,13,0,3,31,0,1,19,46,0.32,0.376,0.419,0.795,93,4,1,4,0,1,LEO,1.107484945
19,Addison Russell,30,82,363,314,49,100,15,2,7,51,6,1,45,54,0.319,0.405,0.446,0.851,140,11,2,0,2,0,MVA,0.986601464
3,Willians Astudillo,32,40,164,144,19,46,8,0,3,19,0,1,6,2,0.319,0.385,0.438,0.823,63,3,10,3,1,1,AGU,0.963026964
26,Yorman Rodriguez,26,45,157,138,23,44,7,0,5,21,3,0,13,17,0.319,0.383,0.478,0.861,66,4,2,3,1,0,LEO,1.107484945
4,Emmanuel Avila*,35,6,25,22,5,7,2,0,1,4,0,0,1,4,0.318,0.375,0.546,0.921,12,1,1,1,0,0,OAX,0.985605712
3,Sebastián Elizalde*,32,65,279,245,41,78,18,0,6,35,8,3,28,26,0.318,0.385,0.465,0.85,114,7,1,1,4,0,CHI,1.104916111
10,Carlos Franco*,32,39,156,123,28,39,7,0,9,27,3,0,32,31,0.317,0.455,0.594,1.049,73,1,0,0,1,2,VER,0.928407717
3,Greg Bird*,31,72,306,262,50,83,15,0,18,51,0,1,31,39,0.317,0.399,0.58,0.979,152,8,8,0,5,0,JAL,1.010882902
19,Kennys Vargas#,33,88,382,323,53,102,20,0,15,80,0,0,51,96,0.316,0.416,0.517,0.933,167,9,6,0,2,7,DSL,0.964253313
15,Alejandro Mejia,31,35,150,136,24,43,4,1,8,30,0,2,12,36,0.316,0.373,0.537,0.91,73,4,1,0,1,2,SAL,0.996117193
21,Leobaldo Piña,30,85,369,329,49,104,21,4,2,35,2,5,34,50,0.316,0.383,0.423,0.806,139,9,3,1,2,0,CHI,1.104916111
23,Yasiel Puig,33,64,261,223,43,70,12,0,18,43,1,3,25,44,0.314,0.41,0.61,1.02,136,7,12,0,1,3,VER,0.928407717
13,Ramon Hernandez,28,82,364,329,62,103,17,1,22,71,2,1,25,72,0.313,0.374,0.571,0.945,188,11,8,0,2,5,MVA,0.986601464
14,Seuly Matias,25,21,79,67,13,21,5,0,3,14,0,1,7,20,0.313,0.405,0.522,0.928,35,0,4,0,1,0,CHI,1.104916111
27,Brandon Villarreal,29,59,185,160,29,50,8,0,0,12,6,4,9,24,0.313,0.383,0.363,0.746,58,1,10,5,1,0,SAL,0.996117193
7,Yadir Drake,34,69,289,260,47,81,16,0,14,52,1,1,20,27,0.312,0.363,0.535,0.897,139,13,2,5,2,0,YUC,0.91908046
16,Yariel Gonzalez#,30,65,265,244,45,76,14,1,11,40,0,1,19,41,0.312,0.359,0.512,0.871,125,4,0,0,2,0,OAX,0.985605712
11,Anthony García,32,21,82,77,10,24,4,0,3,12,0,1,2,16,0.312,0.342,0.481,0.822,37,4,2,0,1,0,AGU,0.963026964
15,Norberto Obeso*,28,61,257,212,41,66,13,1,2,21,2,1,42,35,0.311,0.43,0.41,0.84,87,6,2,1,0,2,YUC,0.91908046
20,Aneury Tavárez*,32,45,205,193,30,60,12,3,4,33,9,3,8,36,0.311,0.348,0.466,0.814,90,1,3,1,0,1,TIJ,0.965961179
18,Ciro Norzagaray,29,43,82,74,10,23,7,0,0,9,1,2,7,14,0.311,0.37,0.405,0.776,30,1,0,1,0,0,PUE,1.055090728
9,Victor Mendoza*,33,72,314,268,54,83,19,1,12,51,1,0,42,54,0.31,0.398,0.522,0.921,140,7,0,0,4,2,MTY,0.977770943
5,Sebastián Elizalde*,32,21,95,84,17,26,6,0,2,9,6,0,11,10,0.31,0.39,0.452,0.842,38,0,0,0,0,1,MTY,0.977770943
14,Moises Gutierrez#,29,55,179,155,35,48,14,0,8,42,1,2,17,53,0.31,0.377,0.555,0.932,86,4,1,4,2,0,MEX,1.116054408
1,Jesse Castillo*,41,78,334,288,40,89,11,1,8,63,2,0,39,31,0.309,0.392,0.438,0.83,126,8,3,0,4,4,QRO,1.148678145
6,Anthony García,32,25,99,78,16,24,3,0,6,15,2,1,15,16,0.308,0.439,0.577,1.016,45,4,4,1,1,1,PUE,1.055090728
24,Reynaldo Rodriguez,37,32,129,117,16,36,9,0,7,20,2,2,10,21,0.308,0.357,0.564,0.921,66,0,0,0,2,0,OAX,0.985605712
12,Ramon Mora,24,7,15,13,2,4,0,0,0,1,1,0,1,1,0.308,0.333,0.308,0.641,4,1,0,0,1,0,ULA,0.968507678
9,Anthony García,32,30,119,101,20,31,11,0,6,18,4,0,17,27,0.307,0.403,0.594,0.998,60,4,0,0,1,0,JAL,1.010882902
7,Nomar Mazara*,29,70,313,270,38,83,24,0,9,49,3,0,34,53,0.307,0.39,0.496,0.886,134,5,5,0,4,3,MTY,0.977770943
9,Francisco Hernandez*,29,37,41,36,6,11,2,1,0,1,0,0,2,6,0.306,0.375,0.417,0.792,15,0,2,1,0,0,ULA,0.968507678
10,Leonys Martín*,36,82,366,308,94,94,13,0,29,74,3,0,47,93,0.305,0.41,0.63,1.04,194,8,9,0,2,1,QRO,1.148678145
1,José Aguilar,34,36,105,82,18,25,1,0,2,5,0,2,15,13,0.305,0.437,0.39,0.827,32,4,5,2,1,0,SAL,0.996117193
24,Roel Santos*,36,21,87,79,12,24,3,2,1,5,2,2,4,14,0.304,0.345,0.43,0.776,34,3,1,3,0,0,TAB,0.885204422
3,Allen Córdoba,28,84,338,273,58,83,16,2,4,29,10,7,39,45,0.304,0.412,0.421,0.833,115,9,13,10,3,1,ULA,0.968507678
28,David Rodríguez,28,57,223,195,28,59,14,0,9,38,2,1,23,63,0.303,0.383,0.513,0.896,100,5,3,1,1,1,QUI,0.887123301
14,Taylor Motter,34,40,165,152,27,46,7,0,11,31,2,0,12,40,0.303,0.352,0.566,0.917,86,6,0,0,1,0,YUC,0.91908046
17,Carlos Soto*,25,62,177,145,13,44,7,0,4,20,0,1,28,38,0.303,0.418,0.435,0.853,63,4,2,0,2,2,MTY,0.977770943
6,Cade Gotta,32,93,433,367,76,111,18,2,7,35,33,10,57,66,0.303,0.402,0.42,0.821,154,7,6,0,3,0,DSL,0.964253313
7,Santiago Chavez,28,37,103,89,10,27,6,0,3,16,0,1,10,28,0.303,0.366,0.472,0.838,42,2,0,2,2,0,MVA,0.986601464
21,Dwight Smith Jr.*,31,79,321,265,54,80,18,1,11,41,10,6,51,63,0.302,0.413,0.502,0.914,133,2,1,1,3,3,JAL,1.010882902
1,Lázaro Alonso*,29,38,151,126,19,38,10,1,5,22,0,0,22,37,0.302,0.417,0.516,0.933,65,5,3,0,0,0,DUR,1.050243683
12,Ramiro Peña#,38,74,324,278,58,84,24,1,7,45,4,1,27,37,0.302,0.373,0.471,0.844,131,6,5,13,1,4,MTY,0.977770943
13,Jack Mayfield,33,69,298,268,42,81,21,0,5,30,3,2,24,48,0.302,0.365,0.437,0.802,117,4,3,2,1,0,TIJ,0.965961179
18,José Peraza,30,79,343,315,50,95,7,2,7,41,1,1,20,27,0.302,0.345,0.403,0.748,127,9,3,1,4,0,YUC,0.91908046
13,Yairo Muñoz,29,56,224,202,31,61,10,0,5,39,5,1,17,35,0.302,0.353,0.426,0.778,86,8,1,0,4,1,DSL,0.964253313
3,Daniel Castro,31,39,119,106,14,32,7,0,1,20,1,0,9,11,0.302,0.35,0.396,0.747,42,1,0,2,2,0,MTY,0.977770943
4,Carlos Castro,30,42,173,163,29,49,6,1,13,32,1,0,8,42,0.301,0.341,0.589,0.93,96,5,2,0,0,2,QUI,0.887123301
4,Luis Aviles,29,34,141,133,25,40,11,1,10,26,3,1,7,35,0.301,0.333,0.624,0.957,83,2,0,0,1,0,CMP,0.989554266
26,Herlis Rodriguez*,30,91,414,355,66,107,24,1,5,32,36,9,45,76,0.301,0.392,0.417,0.809,148,1,9,3,2,2,VER,0.928407717
18,Roberto Valenzuela,29,81,330,296,51,89,13,5,9,40,6,1,29,38,0.301,0.371,0.47,0.84,139,13,4,1,0,1,MTY,0.977770943
19,Christian Villanueva,33,71,292,259,39,78,15,2,8,44,8,4,22,50,0.301,0.366,0.467,0.834,121,11,7,0,4,0,MTY,0.977770943
1,Cristhian Adames#,32,88,368,312,58,94,17,3,7,39,13,2,53,49,0.301,0.406,0.442,0.848,138,8,2,1,0,0,PUE,1.055090728
21,Francisco Peña,34,75,273,236,37,71,9,0,4,23,0,0,28,35,0.301,0.385,0.39,0.775,92,8,5,3,1,2,CMP,0.989554266
2,Oswaldo Arcia*,33,4,13,10,1,3,1,0,1,2,0,0,3,3,0.3,0.462,0.7,1.162,7,0,0,0,0,0,SAL,0.996117193
8,Yadiel Hernández*,36,93,399,340,57,102,17,1,14,70,1,0,54,78,0.3,0.391,0.479,0.87,163,11,0,0,5,1,DSL,0.964253313
21,Carlos Peguero*,37,8,23,20,0,6,2,0,0,2,0,0,3,11,0.3,0.391,0.4,0.791,8,0,0,0,0,0,VER,0.928407717
17,Yermín Mercedes,31,75,317,283,55,85,13,1,11,41,8,1,27,53,0.3,0.372,0.47,0.842,133,8,6,0,1,2,SAL,0.996117193
11,Jermaine Palacios,27,68,260,243,34,73,17,0,4,29,3,1,12,65,0.3,0.337,0.42,0.757,102,10,2,2,1,0,MTY,0.977770943
23,Roberto Ramos*,29,64,238,201,31,60,12,0,15,41,0,1,34,57,0.299,0.403,0.582,0.986,117,6,2,0,1,1,OAX,0.985605712
14,Daniel Palka*,32,41,164,141,25,42,6,0,10,35,0,0,19,35,0.298,0.372,0.553,0.925,78,5,0,0,4,2,ULA,0.968507678
7,Pedro Castellano*,27,41,109,94,20,28,9,0,4,15,1,0,12,32,0.298,0.389,0.521,0.91,49,0,2,1,0,0,OAX,0.985605712
20,Rubén Tejada,34,73,279,235,35,70,14,0,4,34,3,0,38,43,0.298,0.405,0.409,0.814,96,7,5,0,1,0,YUC,0.91908046
21,Francisco Peguero,36,73,307,290,33,86,14,1,10,54,1,1,12,50,0.297,0.336,0.455,0.791,132,6,5,0,0,0,TAB,0.885204422
16,James Nelson,26,85,355,290,60,86,12,4,9,55,11,5,60,64,0.297,0.425,0.459,0.884,133,2,5,0,0,1,DUR,1.050243683
2,Jose Cardona,30,83,363,327,60,97,20,3,7,39,13,5,26,41,0.297,0.361,0.44,0.802,144,3,7,3,0,1,MTY,0.977770943
13,Dean Nevarez,27,53,162,145,22,43,10,0,1,28,1,2,10,36,0.297,0.344,0.386,0.73,56,5,2,2,3,0,ULA,0.968507678
5,Manny Garcia,26,74,313,290,33,86,20,3,6,46,14,5,14,41,0.297,0.339,0.448,0.787,130,8,5,3,1,1,CHI,1.104916111
2,Aristides Aquino,30,59,259,220,47,65,16,0,9,37,5,1,34,60,0.296,0.39,0.491,0.881,108,7,2,0,3,3,MEX,1.116054408
17,Tomo Otosaka*,30,65,290,237,38,70,13,0,0,20,12,6,46,44,0.295,0.409,0.35,0.759,83,5,0,6,1,0,YUC,0.91908046
7,Edgar Bravo,23,43,126,112,15,33,8,1,2,14,2,1,10,27,0.295,0.365,0.438,0.803,49,3,3,0,1,0,CMP,0.989554266
12,Jimmy Kerrigan#,30,89,401,359,62,106,27,3,16,61,15,3,27,98,0.295,0.354,0.521,0.875,187,4,8,3,4,0,LEO,1.107484945
4,Art Charles*,33,78,335,252,62,74,14,0,33,81,0,0,76,95,0.294,0.457,0.742,1.199,187,6,3,0,4,2,YUC,0.91908046
15,Alejandro Gonzalez#,38,26,39,34,13,10,3,0,0,5,0,0,4,10,0.294,0.385,0.382,0.767,13,1,1,0,0,0,OAX,0.985605712
16,Alberth Martinez,33,55,203,184,29,54,12,2,5,35,2,0,15,38,0.294,0.355,0.462,0.817,85,3,3,0,1,1,LEO,1.107484945
1,Lázaro Alonso*,29,21,49,41,4,12,2,0,3,10,0,0,5,16,0.293,0.388,0.561,0.949,23,0,2,0,1,0,YUC,0.91908046
2,Emmanuel Avila*,35,63,249,229,27,67,10,0,5,27,1,2,14,32,0.293,0.34,0.402,0.742,92,9,3,2,1,1,LEO,1.107484945
19,Donny Sands,28,37,138,120,19,35,3,0,7,25,1,1,18,34,0.292,0.384,0.492,0.876,59,3,0,0,0,0,TIJ,0.965961179
21,Leonardo Reginatto,34,80,332,289,46,84,12,1,11,48,7,3,37,61,0.291,0.374,0.453,0.827,131,12,3,0,3,0,AGU,0.963026964
4,Yonathan Daza,30,27,112,103,17,30,3,0,0,12,1,0,5,14,0.291,0.324,0.32,0.645,33,6,1,1,2,0,DSL,0.964253313
5,Leobaldo Cabrera,26,81,315,269,53,78,14,0,13,41,11,3,39,69,0.29,0.38,0.487,0.867,131,15,2,2,3,0,AGU,0.963026964
23,Raudy Read,30,71,264,248,35,72,20,0,17,66,0,0,10,49,0.29,0.326,0.577,0.902,143,17,4,0,2,0,PUE,1.055090728
7,Edwin Espinal,30,82,338,310,32,90,10,0,7,54,1,0,18,34,0.29,0.331,0.39,0.722,121,11,4,0,6,1,VER,0.928407717
19,Ademar Rifaela*,29,29,115,107,11,31,8,0,2,21,2,0,6,34,0.29,0.33,0.421,0.751,45,4,1,0,1,0,DUR,1.050243683
24,Wendell Rijo,28,13,44,38,0,11,1,0,0,4,1,2,3,4,0.29,0.333,0.316,0.649,12,0,0,2,1,0,VER,0.928407717
8,Carlos Herrera*,27,74,304,279,36,81,15,2,4,30,3,3,17,44,0.29,0.336,0.401,0.737,112,5,2,6,0,2,CHI,1.104916111
26,Sebastian Valle,33,26,94,83,15,24,4,0,7,21,0,0,5,30,0.289,0.344,0.59,0.935,49,4,2,4,0,0,SAL,0.996117193
2,Chris Carter,37,39,150,111,30,32,7,0,9,29,0,0,37,45,0.288,0.46,0.595,1.055,66,2,0,0,2,1,PUE,1.055090728
8,Robbie Glendinning,28,19,85,73,11,21,3,0,3,11,0,1,11,28,0.288,0.381,0.452,0.833,33,0,0,1,0,0,DUR,1.050243683
5,Luis Barrera*,28,15,65,59,10,17,2,1,1,3,5,0,6,10,0.288,0.354,0.407,0.761,24,0,0,0,0,0,CMP,0.989554266
22,Missael Rivera*,28,87,380,328,45,94,21,1,4,42,6,4,31,42,0.287,0.365,0.393,0.758,129,5,11,7,3,2,SAL,0.996117193
1,Oswaldo Arcia*,33,81,319,255,44,73,15,2,13,48,4,2,49,66,0.286,0.414,0.514,0.928,131,2,10,0,5,2,JAL,1.010882902
10,Luis Juarez,34,61,251,224,34,64,16,0,10,45,0,0,23,42,0.286,0.355,0.491,0.846,110,4,2,0,2,2,YUC,0.91908046
15,Asael Sanchez,30,47,167,140,23,40,7,0,5,24,2,0,21,36,0.286,0.39,0.443,0.833,62,2,3,3,0,0,MTY,0.977770943
7,Cesar Cuevas,24,3,7,7,0,2,1,0,0,0,0,0,0,2,0.286,0.286,0.429,0.714,3,0,0,0,0,0,QUI,0.887123301
28,Aneury Tavárez*,32,45,212,182,24,52,13,3,4,24,3,1,19,46,0.286,0.373,0.456,0.829,83,5,7,3,1,4,LEO,1.107484945
2,Rodolfo Amador*,31,39,81,77,11,22,7,0,0,15,1,1,2,13,0.286,0.309,0.377,0.685,29,3,1,0,1,0,MVA,0.986601464
19,Peter O'Brien,33,73,302,263,51,75,20,2,16,42,1,0,28,101,0.285,0.368,0.559,0.926,147,5,8,0,3,0,PUE,1.055090728
23,Ariel Sandoval,28,42,167,144,22,41,3,1,3,24,3,3,18,27,0.285,0.361,0.382,0.743,55,6,1,1,3,1,DUR,1.050243683
24,Henry Rodríguez#,34,35,135,123,13,35,5,1,2,11,0,0,12,24,0.285,0.348,0.39,0.738,48,4,0,0,0,0,CHI,1.104916111
9,Jose Felix,36,31,85,81,7,23,3,0,2,4,1,0,0,10,0.284,0.293,0.395,0.688,32,3,1,3,0,0,TAB,0.885204422
28,Drew Ward*,29,25,89,81,11,23,3,0,3,10,0,1,7,37,0.284,0.337,0.432,0.769,35,3,0,0,1,0,DUR,1.050243683
20,Danny Ortiz*,34,89,368,311,62,88,16,0,28,77,0,1,51,76,0.283,0.38,0.605,0.985,188,4,1,0,5,5,PUE,1.055090728
2,Hendrik Clementina,27,12,51,46,6,13,4,1,1,7,0,1,4,20,0.283,0.353,0.478,0.831,22,0,1,0,0,0,ULA,0.968507678
22,Juniel Querecuto#,31,41,183,166,24,47,12,0,6,32,4,1,11,38,0.283,0.332,0.464,0.795,77,6,2,2,2,0,OAX,0.985605712
16,Marco Jaime#,27,63,223,187,36,53,8,2,0,22,3,6,31,29,0.283,0.387,0.348,0.735,65,5,2,1,2,0,AGU,0.963026964
12,Billy Hamilton,33,52,210,191,36,54,10,3,0,13,35,3,14,48,0.283,0.335,0.367,0.702,70,3,1,4,0,0,JAL,1.010882902
9,Jose Lizarraga,26,21,59,53,6,15,6,0,1,9,0,0,0,7,0.283,0.316,0.453,0.769,24,1,3,2,1,0,QRO,1.148678145
19,Luis Sardiñas#,31,62,268,238,40,67,18,0,11,41,8,6,17,35,0.282,0.333,0.496,0.829,118,7,4,4,5,0,JAL,1.010882902
11,Johneshwy Fargas,29,67,299,273,53,77,19,2,5,25,15,8,13,53,0.282,0.33,0.421,0.751,115,5,7,5,1,0,SAL,0.996117193
2,Kristian Delgado,30,46,161,142,19,40,8,0,3,20,0,3,12,28,0.282,0.35,0.401,0.752,57,3,3,4,0,0,CHI,1.104916111
23,Alejandro Rivero,27,57,192,174,25,49,14,1,2,16,1,5,8,53,0.282,0.339,0.408,0.747,71,3,7,3,0,0,CHI,1.104916111
19,Webster Rivas,33,68,250,221,28,62,14,0,7,32,0,1,27,53,0.281,0.36,0.439,0.799,97,6,1,0,1,2,YUC,0.91908046
12,Jorge Flores,32,73,275,224,42,63,10,1,0,24,7,5,39,48,0.281,0.391,0.335,0.726,75,3,2,9,1,0,OAX,0.985605712
20,Michael Robles,26,46,191,164,27,46,9,0,4,18,3,3,18,32,0.281,0.36,0.409,0.769,67,3,3,5,1,1,DUR,1.050243683
16,Alex Mejia,33,73,268,246,25,69,11,1,3,41,1,5,13,41,0.281,0.316,0.37,0.686,91,4,1,5,3,1,SAL,0.996117193
22,Niko Vasquez,35,79,338,286,43,80,15,1,8,44,0,0,48,66,0.28,0.383,0.423,0.806,121,5,1,1,2,0,TIJ,0.965961179
10,Eric Filia*,31,83,378,314,61,88,15,1,3,43,6,1,51,44,0.28,0.384,0.363,0.748,114,8,4,6,3,3,MVA,0.986601464
14,Leonardo Heras*,34,56,185,158,23,44,9,2,2,16,11,5,21,40,0.279,0.368,0.399,0.767,63,0,2,3,1,3,TAB,0.885204422
17,Gustavo Nunez#,36,83,368,319,47,89,12,0,7,40,14,5,43,41,0.279,0.364,0.382,0.747,122,10,1,3,2,0,VER,0.928407717
10,Odúbel Herrera*,32,17,72,61,12,17,2,0,3,10,1,0,11,9,0.279,0.389,0.459,0.848,28,5,0,0,0,0,PUE,1.055090728
17,Gabriel Lino,31,55,194,179,26,50,7,0,9,35,1,0,10,52,0.279,0.326,0.469,0.796,84,3,3,1,1,0,OAX,0.985605712
18,Kyle Martin*,31,72,322,273,55,76,12,0,21,68,5,0,42,70,0.278,0.388,0.553,0.941,151,3,7,0,0,5,OAX,0.985605712
4,Julian Escobedo*,26,59,191,159,39,44,9,6,5,28,2,1,24,35,0.277,0.378,0.503,0.881,80,1,3,3,2,0,ULA,0.968507678
1,Angel Aguilar,29,40,152,137,18,38,9,0,6,23,2,1,8,34,0.277,0.325,0.475,0.799,65,1,3,1,3,1,MVA,0.986601464
8,Jesus Espinoza,33,60,220,192,27,53,13,3,5,25,0,2,19,35,0.276,0.347,0.453,0.8,87,4,3,4,2,0,VER,0.928407717
10,Jonathan Morales,29,29,90,76,14,21,4,0,4,14,0,1,8,13,0.276,0.337,0.487,0.824,37,0,0,4,2,0,MTY,0.977770943
23,Randy Romero,24,76,305,265,49,73,12,3,1,23,30,1,27,52,0.276,0.348,0.355,0.703,94,3,3,9,1,0,TAB,0.885204422
2,Jasson Atondo,28,63,277,254,33,70,14,2,0,23,5,1,14,22,0.276,0.315,0.347,0.661,88,4,1,7,1,0,TAB,0.885204422
17,Manny Olloque,28,30,94,80,13,22,5,2,2,6,1,1,13,24,0.275,0.383,0.463,0.846,37,0,1,0,0,0,DUR,1.050243683
9,Michael De León#,27,13,56,51,8,14,4,0,1,5,0,0,5,12,0.275,0.339,0.412,0.751,21,0,0,0,0,0,AGU,0.963026964
2,Luis Aviles,29,13,56,51,7,14,3,0,0,5,3,0,5,11,0.275,0.339,0.333,0.673,17,1,0,0,0,0,VER,0.928407717
13,Diego Madero,32,40,85,80,20,22,3,0,0,9,1,1,3,10,0.275,0.298,0.313,0.61,25,0,0,1,1,0,SAL,0.996117193
1,Abraham Almonte#,35,89,366,288,49,79,18,0,15,49,5,0,74,61,0.274,0.425,0.493,0.918,142,5,2,1,1,1,TAB,0.885204422
11,Anthony Giansanti,35,63,236,201,32,55,12,3,9,39,7,3,32,44,0.274,0.381,0.498,0.879,100,2,3,0,0,1,JAL,1.010882902
30,Ricardo Valenzuela,33,37,135,117,19,32,9,0,2,8,0,0,9,18,0.274,0.341,0.402,0.743,47,1,3,6,0,0,OAX,0.985605712
8,Calvin Estrada,27,49,94,84,10,23,1,2,1,7,8,2,8,15,0.274,0.34,0.369,0.709,31,2,1,0,1,0,JAL,1.010882902
23,Manuel Orduno,28,9,12,11,1,3,1,0,0,0,0,0,1,2,0.273,0.333,0.364,0.697,4,2,0,0,0,0,QUI,0.887123301
15,J.J. Matijevic*,28,31,124,110,18,30,4,2,2,15,1,1,11,26,0.273,0.347,0.4,0.747,44,2,2,0,1,1,CHI,1.104916111
14,Rio Ruiz*,30,77,329,286,47,78,19,0,5,42,4,0,39,56,0.273,0.356,0.392,0.747,112,8,0,0,4,2,QRO,1.148678145
12,Carlos Martínez,29,39,150,139,14,38,10,0,1,15,0,0,6,20,0.273,0.302,0.367,0.669,51,9,1,1,3,0,CHI,1.104916111
4,Freddvil Chevez,24,7,23,22,3,6,1,0,0,1,0,0,1,10,0.273,0.304,0.318,0.623,7,0,0,0,0,0,DUR,1.050243683
1,Matt Adams*,35,62,243,224,36,61,13,0,12,53,0,0,13,64,0.272,0.309,0.491,0.8,110,4,1,0,5,0,TIJ,0.965961179
18,Juan Perez*,32,82,324,279,51,76,24,1,6,34,32,6,33,58,0.272,0.351,0.43,0.781,120,1,3,5,4,1,MVA,0.986601464
20,Melvin Mercedes#,32,41,123,103,16,28,3,1,0,9,7,2,16,15,0.272,0.38,0.32,0.701,33,1,2,2,0,0,OAX,0.985605712
25,Ademar Rifaela*,29,26,95,81,10,22,5,0,2,8,0,0,10,34,0.272,0.379,0.407,0.786,33,1,4,0,0,0,LEO,1.107484945
4,Bobby Bradley*,28,81,340,273,52,74,13,0,13,53,3,3,56,82,0.271,0.412,0.462,0.873,126,7,10,0,1,4,TIJ,0.965961179
2,Anthony Alford,29,39,150,133,28,36,8,0,8,25,2,0,16,52,0.271,0.353,0.511,0.865,68,3,1,0,0,0,CMP,0.989554266
10,Alcides Escobar,37,77,298,269,22,73,12,2,5,32,4,3,16,35,0.271,0.32,0.387,0.706,104,3,5,4,4,1,QUI,0.887123301
17,Dawel Lugo,29,88,344,329,41,89,18,0,7,32,1,0,8,59,0.271,0.288,0.389,0.677,128,14,1,4,2,0,TAB,0.885204422
27,Luke Voit,33,81,339,278,46,75,10,0,23,57,1,0,52,76,0.27,0.391,0.554,0.945,154,5,5,1,3,1,TAB,0.885204422
25,Sam Travis,30,11,43,37,5,10,3,0,0,2,1,0,3,8,0.27,0.357,0.351,0.709,13,1,2,1,0,0,TAB,0.885204422
18,Juan Carlos Negret,25,59,195,185,20,50,13,0,4,27,1,0,5,64,0.27,0.303,0.405,0.708,75,0,4,0,1,0,CHI,1.104916111
15,Logan Moore*,33,68,250,216,33,58,9,1,9,27,0,1,28,59,0.269,0.357,0.444,0.802,96,2,3,1,2,1,MVA,0.986601464
5,Freddy Galvis#,34,69,281,242,36,65,21,0,6,43,1,1,31,63,0.269,0.345,0.43,0.775,104,4,1,0,7,0,DSL,0.964253313
19,Alejandro Ortiz#,34,74,266,242,25,65,11,1,10,46,1,1,15,58,0.269,0.312,0.446,0.758,108,6,2,3,4,0,CMP,0.989554266
24,David Rodríguez,28,16,64,52,4,14,1,0,0,4,0,0,12,7,0.269,0.406,0.289,0.695,15,5,0,0,0,0,AGU,0.963026964
17,Carlos Mendivil*,30,9,28,26,4,7,2,0,0,0,0,0,1,6,0.269,0.296,0.346,0.643,9,0,0,1,0,0,AGU,0.963026964
10,Alfredo Lopez,34,46,207,183,28,49,9,2,0,11,14,5,18,21,0.268,0.333,0.339,0.672,62,6,2,0,4,0,DUR,1.050243683
22,Diego Rincones,25,12,43,41,0,11,1,0,0,6,0,0,1,6,0.268,0.302,0.293,0.595,12,1,1,0,0,0,CHI,1.104916111
3,Roberto Caro#,30,34,139,120,16,32,5,0,2,10,9,2,14,36,0.267,0.341,0.358,0.699,43,2,0,4,1,0,QUI,0.887123301
26,Drew Stankiewicz#,31,72,266,232,34,62,15,0,7,32,1,5,28,60,0.267,0.346,0.422,0.768,98,3,1,3,2,1,PUE,1.055090728
15,Edgar Robles*,27,40,100,79,16,21,7,0,0,11,2,5,13,16,0.266,0.394,0.354,0.748,28,2,5,1,2,0,ULA,0.968507678
13,Edson Garcia#,31,67,245,223,26,59,7,2,7,27,6,2,15,32,0.265,0.313,0.408,0.721,91,5,2,2,3,1,QUI,0.887123301
3,Angel Camacho,23,50,58,53,17,14,3,2,0,8,1,0,3,10,0.264,0.31,0.396,0.707,21,0,1,0,1,0,YUC,0.91908046
8,Ricardo Cespedes*,26,64,253,236,28,62,15,0,4,20,6,4,8,50,0.263,0.292,0.377,0.669,89,2,2,6,1,1,CMP,0.989554266
16,Juan Mora,24,14,23,19,2,5,0,0,0,2,1,1,0,6,0.263,0.333,0.263,0.597,5,1,2,2,0,0,MVA,0.986601464
7,Didi Gregorius*,34,75,318,271,47,71,17,1,7,43,6,2,37,37,0.262,0.363,0.41,0.772,111,5,7,1,2,2,ULA,0.968507678
24,Nellie Rodriguez,30,51,99,84,9,22,2,0,4,16,0,0,10,36,0.262,0.357,0.429,0.786,36,2,3,1,1,0,PUE,1.055090728
3,Michael Baca,31,28,25,23,5,6,2,0,0,5,0,0,1,8,0.261,0.32,0.348,0.668,8,2,1,0,0,0,TAB,0.885204422
26,Henry Rodríguez#,34,35,139,119,12,31,5,0,3,10,2,1,20,18,0.261,0.367,0.378,0.745,45,7,0,0,0,0,CMP,0.989554266
24,Rainel Rosario,35,40,176,157,19,41,6,0,4,19,1,1,17,33,0.261,0.335,0.376,0.711,59,6,1,0,1,1,SAL,0.996117193
2,Francisco Arcia*,34,77,274,245,24,64,14,0,2,28,1,1,17,48,0.261,0.327,0.343,0.67,84,8,7,5,0,0,DSL,0.964253313
7,Carlos Garzon,32,60,179,157,22,41,5,0,1,18,1,0,20,42,0.261,0.348,0.312,0.66,49,4,1,1,0,0,DUR,1.050243683
17,Hector Mora,21,46,94,92,11,24,7,0,0,5,1,1,1,27,0.261,0.269,0.337,0.606,31,2,0,1,0,0,CHI,1.104916111
9,Angel Erro,29,55,205,185,17,48,8,0,3,18,2,1,15,28,0.26,0.325,0.351,0.677,65,2,3,2,0,1,QUI,0.887123301
11,Jose Gaitan,26,70,270,235,31,61,16,1,4,28,9,3,18,51,0.26,0.316,0.387,0.703,91,7,4,7,6,1,VER,0.928407717
20,Maikel Serrano,31,61,218,200,32,52,9,1,2,15,5,1,11,43,0.26,0.318,0.345,0.663,69,3,6,1,0,1,JAL,1.010882902
1,Aaron Altherr,33,45,187,147,28,38,9,2,9,20,4,0,32,58,0.259,0.412,0.531,0.942,78,1,7,0,1,0,ULA,0.968507678
3,Tres Barrera,29,50,181,159,16,41,8,0,6,31,0,0,16,26,0.258,0.333,0.421,0.755,67,5,3,1,2,0,TIJ,0.965961179
18,Blake Rutherford*,27,24,85,74,17,19,3,1,7,13,0,0,6,15,0.257,0.337,0.608,0.945,45,2,3,2,0,0,TIJ,0.965961179
14,Rangel Ravelo,32,21,92,74,16,19,3,0,5,15,0,0,11,13,0.257,0.38,0.5,0.88,37,5,5,0,2,0,DSL,0.964253313
11,Junior Lake,34,88,366,315,58,81,16,1,15,40,15,5,45,77,0.257,0.353,0.457,0.811,144,8,3,1,2,3,TIJ,0.965961179
18,Efren Navarro*,38,14,47,43,4,11,3,0,1,3,0,0,4,4,0.256,0.319,0.395,0.714,17,3,0,0,0,0,CMP,0.989554266
14,Odúbel Herrera*,32,37,151,137,16,35,10,1,2,13,7,2,11,28,0.256,0.32,0.387,0.707,53,5,2,1,0,0,MVA,0.986601464
18,Alí Solís,36,38,146,133,21,34,8,0,8,25,0,0,10,47,0.256,0.31,0.496,0.807,66,4,1,1,1,0,QRO,1.148678145
29,Jose Urena,29,70,266,239,35,61,7,0,15,36,1,2,25,62,0.255,0.331,0.473,0.804,113,10,2,0,0,0,OAX,0.985605712
9,Robbie Glendinning,28,19,65,55,11,14,7,0,3,12,0,0,9,21,0.255,0.359,0.546,0.905,30,1,0,1,0,0,LEO,1.107484945
17,Isaac Rodriguez,33,69,241,200,33,51,7,2,3,23,14,5,36,33,0.255,0.377,0.355,0.732,71,3,3,2,0,0,TIJ,0.965961179
14,Javier Salazar*,27,50,138,122,18,31,7,3,3,20,1,3,11,19,0.254,0.311,0.434,0.746,53,1,0,3,2,0,MTY,0.977770943
12,Carlos Paulino,34,43,153,130,23,33,6,0,8,23,0,0,18,39,0.254,0.351,0.485,0.836,63,5,2,2,1,0,QRO,1.148678145
4,Oziel Flores#,26,60,125,114,17,29,2,1,1,11,2,2,7,29,0.254,0.295,0.316,0.611,36,3,0,3,1,0,CHI,1.104916111
20,Connor Panas*,31,55,225,182,32,46,8,1,6,20,6,4,31,31,0.253,0.387,0.407,0.793,74,0,10,0,2,0,VER,0.928407717
17,Jonathan Schoop,32,81,340,293,48,74,20,0,15,60,1,2,36,75,0.253,0.344,0.474,0.819,139,12,7,0,4,3,ULA,0.968507678
18,Alejandro Mejia,31,47,204,182,32,46,8,0,11,34,2,1,18,62,0.253,0.319,0.478,0.797,87,7,1,0,3,3,LEO,1.107484945
14,Luis Jiménez,36,21,82,75,7,19,3,0,2,10,2,3,4,16,0.253,0.317,0.373,0.69,28,3,3,0,0,0,CMP,0.989554266
11,Edwin Garcia,33,27,113,99,16,25,6,0,1,7,2,0,12,15,0.253,0.33,0.343,0.674,34,6,0,1,1,0,CMP,0.989554266
5,Willians Astudillo,32,29,113,103,8,26,6,0,0,10,0,1,5,5,0.252,0.304,0.311,0.614,32,2,3,1,1,0,SAL,0.996117193
13,Jesus Martinez*,29,71,281,246,40,62,11,3,2,18,7,2,25,51,0.252,0.327,0.346,0.673,85,8,3,6,1,1,CHI,1.104916111
4,Rogelio Cobos*,24,29,6,4,10,1,0,0,1,2,1,2,1,3,0.25,0.4,1,1.4,4,0,0,1,0,0,PUE,1.055090728
4,Juan Camacho,28,8,26,24,5,6,0,0,3,8,0,0,2,5,0.25,0.308,0.625,0.933,15,2,0,0,0,0,JAL,1.010882902
30,Isaias Tejeda,32,31,119,100,16,25,3,0,5,8,0,0,16,23,0.25,0.361,0.43,0.791,43,1,2,0,1,0,CMP,0.989554266
21,Takeru Ohashi*,23,39,151,128,18,32,6,1,1,5,9,0,18,41,0.25,0.351,0.336,0.687,43,1,2,3,0,0,QUI,0.887123301
23,Nick Williams*,30,38,153,128,12,32,6,1,4,15,0,0,18,40,0.25,0.338,0.406,0.744,52,2,1,2,4,1,TIJ,0.965961179
5,Alberto Carreon,36,13,30,28,3,7,1,0,1,4,1,1,2,3,0.25,0.3,0.393,0.693,11,0,0,0,0,0,VER,0.928407717
26,Juan Uriarte,26,41,141,128,16,32,6,1,7,21,1,2,8,38,0.25,0.305,0.477,0.782,61,2,3,0,2,0,DUR,1.050243683
16,Jhon Nuñez#,29,43,159,148,13,37,11,1,2,24,2,1,7,45,0.25,0.298,0.378,0.676,56,7,3,1,0,0,JAL,1.010882902
6,Jose Chavez#,39,67,220,192,22,48,11,0,1,17,12,0,21,42,0.25,0.329,0.323,0.652,62,6,2,4,1,0,JAL,1.010882902
11,Agustin Murillo,42,16,65,52,7,13,5,0,0,10,4,0,9,13,0.25,0.385,0.346,0.731,18,1,3,0,1,0,QRO,1.148678145
16,Patrick Mazeika*,30,13,56,48,7,12,5,0,0,6,1,0,8,7,0.25,0.357,0.354,0.711,17,0,0,0,0,1,MEX,1.116054408
6,Eddy Diaz,24,52,162,148,27,37,7,4,2,18,6,0,8,21,0.25,0.291,0.392,0.683,58,2,1,4,1,0,LEO,1.107484945
10,Jesus Guerrero,17,6,15,12,1,3,1,0,0,1,0,1,2,3,0.25,0.333,0.333,0.667,4,0,0,0,1,0,LEO,1.107484945
12,Marco Guzman,29,3,9,8,1,2,0,0,0,2,0,0,0,3,0.25,0.333,0.25,0.583,2,0,1,0,0,0,CMP,0.989554266
14,Luis Carlos Martinez,21,9,9,8,2,2,0,0,0,0,0,0,0,3,0.25,0.333,0.25,0.583,2,0,1,0,0,0,SAL,0.996117193
28,Hans Wilson,33,4,8,8,0,2,0,0,0,1,0,0,0,2,0.25,0.25,0.25,0.5,2,0,0,0,0,0,AGU,0.963026964
13,Adeiny Hechavarría,35,70,262,237,29,59,15,0,8,25,0,1,21,62,0.249,0.312,0.414,0.725,98,8,1,2,1,1,TAB,0.885204422
21,Adrian Tovalin,28,65,202,181,25,45,9,1,6,36,1,1,12,48,0.249,0.312,0.409,0.72,74,3,5,3,1,1,ULA,0.968507678
23,Michael Wing,35,37,148,133,19,33,5,0,7,16,4,4,12,35,0.248,0.318,0.444,0.761,59,3,2,0,1,0,JAL,1.010882902
14,Gabriel Noriega,33,31,95,89,9,22,2,0,2,12,1,1,2,24,0.247,0.277,0.337,0.614,30,3,2,1,1,0,TIJ,0.965961179
10,Edwin Díaz,28,63,236,199,25,49,12,0,7,30,3,1,26,64,0.246,0.336,0.412,0.748,82,6,4,1,6,0,SAL,0.996117193
18,Darren Seferina*,30,33,70,61,7,15,0,3,1,3,1,2,7,20,0.246,0.324,0.393,0.717,24,1,0,2,0,0,ULA,0.968507678
15,Carlos Martínez,29,26,77,65,11,16,4,0,1,11,0,1,8,8,0.246,0.325,0.354,0.679,23,3,1,0,3,0,PUE,1.055090728
9,Santiago Gonzalez,40,43,61,57,4,14,2,0,0,6,0,1,3,13,0.246,0.295,0.281,0.576,16,1,1,0,0,0,DUR,1.050243683
10,Jose Martinez#,27,66,226,193,29,47,8,3,4,22,2,2,22,27,0.244,0.329,0.378,0.707,73,4,3,7,1,0,DSL,0.964253313
13,Alfredo Hurtado#,26,43,140,123,13,30,5,0,5,16,4,0,15,29,0.244,0.329,0.407,0.735,50,2,1,0,1,1,JAL,1.010882902
3,Jose Camacho,28,32,88,78,13,19,3,1,2,10,2,0,10,26,0.244,0.33,0.385,0.714,30,2,0,0,0,0,LEO,1.107484945
15,Issmael Salas,41,38,127,115,16,28,6,0,0,15,0,0,8,17,0.244,0.315,0.296,0.611,34,1,4,0,0,0,QRO,1.148678145
30,Brian Sánchez,28,12,44,37,4,9,0,0,1,6,0,1,5,10,0.243,0.364,0.324,0.688,12,3,2,0,0,0,QUI,0.887123301
20,Jacob Nottingham,29,16,45,37,6,9,1,0,1,7,0,0,6,14,0.243,0.333,0.351,0.685,13,3,0,0,2,0,TAB,0.885204422
5,Angelo Castellano,29,32,126,111,13,27,7,1,3,22,6,5,9,13,0.243,0.303,0.405,0.709,45,2,1,4,1,0,JAL,1.010882902
20,Antonio Monroy*,27,50,117,107,9,26,3,0,0,7,3,0,6,20,0.243,0.302,0.271,0.573,29,3,3,1,0,0,QUI,0.887123301
2,Luis Aviles,29,37,164,148,18,36,5,2,3,23,4,2,13,33,0.243,0.299,0.365,0.664,54,5,0,0,3,1,DUR,1.050243683
27,Ricky Rodriguez,31,15,40,33,5,8,1,0,1,5,0,0,5,14,0.242,0.333,0.364,0.697,12,1,0,1,1,0,VER,0.928407717
22,Brayan Quintero,25,54,192,165,28,40,8,0,3,13,2,4,12,28,0.242,0.321,0.346,0.666,57,3,8,5,2,0,CMP,0.989554266
7,Leo German,31,66,179,157,23,38,3,1,2,11,6,2,15,41,0.242,0.318,0.312,0.63,49,7,3,3,1,0,PUE,1.055090728
22,Gilberto Vizcarra,25,25,38,29,3,7,1,0,0,3,0,0,6,4,0.241,0.395,0.276,0.671,8,0,2,0,1,0,YUC,0.91908046
16,Héctor Sánchez#,34,44,120,108,15,26,6,0,4,14,0,0,9,32,0.241,0.303,0.407,0.71,44,1,1,1,1,0,DSL,0.964253313
17,Rudy Silva*,35,21,63,54,10,13,3,0,1,10,0,0,7,14,0.241,0.323,0.352,0.675,19,2,0,1,1,0,QRO,1.148678145
4,Romer Cuadrado,26,15,55,50,8,12,2,0,4,10,0,0,5,19,0.24,0.309,0.52,0.829,26,1,0,0,0,0,MTY,0.977770943
2,Luis Barrera*,28,30,117,100,10,24,3,3,0,8,8,1,11,18,0.24,0.313,0.33,0.643,33,2,0,5,1,1,QUI,0.887123301
19,Melvin Mercedes#,32,32,134,121,16,29,6,1,0,5,6,2,9,19,0.24,0.308,0.306,0.614,37,4,3,1,0,0,QUI,0.887123301
12,Fabricio Macias,26,56,191,175,18,42,7,1,2,18,0,1,10,40,0.24,0.286,0.326,0.611,57,7,2,2,2,0,YUC,0.91908046
2,Arismendy Alcántara#,32,23,97,88,15,21,3,0,4,9,5,1,9,31,0.239,0.309,0.409,0.718,36,1,0,0,0,0,OAX,0.985605712
5,Michael De León#,27,24,102,88,9,21,4,0,0,3,1,1,9,21,0.239,0.31,0.284,0.594,25,1,1,2,2,0,LEO,1.107484945
15,Jorge Gonzalez*,26,14,23,21,2,5,1,1,0,6,0,0,2,6,0.238,0.304,0.381,0.685,8,0,0,0,0,0,AGU,0.963026964
7,Jesus Cordova,23,12,22,21,1,5,2,0,1,3,1,0,0,11,0.238,0.227,0.476,0.704,10,0,0,0,1,0,JAL,1.010882902
18,Jose Orozco*,33,80,275,240,31,57,6,3,7,36,2,1,30,80,0.238,0.327,0.375,0.702,90,6,3,0,2,2,DUR,1.050243683
8,Logan Brown*,27,7,23,21,1,5,1,0,0,1,0,0,0,5,0.238,0.273,0.286,0.558,6,0,1,1,0,0,TAB,0.885204422
5,Chris Carter,37,34,153,131,19,31,9,0,8,26,0,0,20,56,0.237,0.34,0.489,0.828,64,0,1,0,1,1,MVA,0.986601464
15,Jairus Richards*,27,56,161,131,32,31,6,1,1,8,17,2,26,40,0.237,0.379,0.321,0.7,42,1,4,0,0,0,TIJ,0.965961179
1,Carlos Arellano,25,70,237,207,26,49,11,0,2,24,3,1,11,54,0.237,0.291,0.319,0.61,66,3,6,10,3,1,VER,0.928407717
28,Daniel Sanchez,31,25,61,59,3,14,1,0,0,4,0,0,1,10,0.237,0.25,0.254,0.504,15,2,0,1,0,0,CMP,0.989554266
20,José Rondón,30,57,250,216,33,51,8,0,9,35,0,1,29,44,0.236,0.333,0.398,0.731,86,12,3,1,1,2,MEX,1.116054408
12,Bryant Flete*,31,20,77,68,8,16,2,0,1,5,4,0,8,20,0.235,0.316,0.309,0.625,21,3,0,1,0,0,QUI,0.887123301
28,Jesus Valdez,39,57,218,200,20,47,7,0,5,28,0,1,16,33,0.235,0.294,0.345,0.639,69,7,1,0,1,2,VER,0.928407717
16,Drew Mendoza*,26,10,38,34,2,8,1,0,0,2,0,0,4,6,0.235,0.316,0.265,0.581,9,1,0,0,0,0,CHI,1.104916111
20,Connor Panas*,31,23,82,77,16,18,3,1,8,19,0,0,3,21,0.234,0.268,0.61,0.879,47,0,1,0,1,0,CMP,0.989554266
1,Japhet Amador,37,39,179,154,18,36,6,0,6,33,0,0,20,39,0.234,0.318,0.39,0.708,60,10,1,0,4,0,MEX,1.116054408
1,Sergio Burruel*,32,40,120,107,9,25,3,0,2,10,0,1,13,26,0.234,0.317,0.318,0.635,34,4,0,0,0,0,CHI,1.104916111
24,Tito Polo,29,12,49,43,5,10,4,0,0,3,2,1,4,14,0.233,0.306,0.326,0.632,14,1,1,0,1,0,LEO,1.107484945
9,Romer Cuadrado,26,20,65,56,5,13,2,0,2,8,0,0,9,20,0.232,0.339,0.375,0.714,21,2,0,0,0,0,OAX,0.985605712
33,Randy Trejo,21,47,60,56,7,13,0,0,0,8,2,2,4,24,0.232,0.283,0.232,0.515,13,1,0,0,0,0,QUI,0.887123301
6,Carlos Franco*,32,41,152,130,16,30,11,0,3,23,1,0,20,33,0.231,0.329,0.385,0.714,50,5,0,0,2,2,ULA,0.968507678
11,Carlos Figueroa#,32,71,274,234,29,54,6,1,0,17,9,4,30,56,0.231,0.331,0.265,0.596,62,1,5,5,0,0,QUI,0.887123301
15,Joshua Rodriguez,39,8,28,26,3,6,1,0,0,3,0,0,2,12,0.231,0.286,0.269,0.555,7,1,0,0,0,0,DSL,0.964253313
7,Alejandro Gonzalez#,38,11,31,26,5,6,1,0,0,2,1,0,3,10,0.231,0.355,0.269,0.624,7,1,2,0,0,0,CHI,1.104916111
6,Jorge Bonifacio,31,15,55,48,10,11,5,0,2,9,1,0,5,16,0.229,0.309,0.458,0.767,22,0,1,0,1,0,SAL,0.996117193
17,Luis Sardiñas#,31,9,36,35,3,8,1,0,2,4,0,0,0,5,0.229,0.229,0.429,0.657,15,1,0,1,0,0,DSL,0.964253313
9,Angel Chavarin*,33,31,51,48,3,11,2,0,1,6,0,0,3,14,0.229,0.275,0.333,0.608,16,4,0,0,0,0,CMP,0.989554266
13,Fernando Perez*,30,47,146,123,17,28,3,0,1,14,0,0,16,31,0.228,0.326,0.276,0.603,34,2,3,2,2,2,QRO,1.148678145
12,Samar Leyva,29,50,154,132,23,30,6,0,7,21,5,3,16,13,0.227,0.325,0.432,0.756,57,5,3,3,0,0,PUE,1.055090728
27,Tomás Telis#,33,14,51,44,6,10,3,0,0,5,1,0,7,3,0.227,0.333,0.296,0.629,13,1,0,0,0,0,OAX,0.985605712
14,Sebastian Garcia,21,28,27,22,9,5,0,0,0,3,2,0,4,4,0.227,0.37,0.227,0.598,5,1,1,0,0,0,OAX,0.985605712
11,Ryan Grotjohn*,28,19,70,62,8,14,3,0,1,2,0,0,8,16,0.226,0.314,0.323,0.637,20,0,0,0,0,0,TAB,0.885204422
17,Luis Medina,29,35,55,53,6,12,3,0,0,5,2,2,0,20,0.226,0.241,0.283,0.524,15,1,1,1,0,0,LEO,1.107484945
29,Reynaldo Rodriguez,37,56,236,213,24,48,10,0,11,34,8,4,20,45,0.225,0.292,0.427,0.72,91,7,1,0,2,1,QUI,0.887123301
31,Demetrius Sims,28,28,103,94,15,21,5,0,1,3,6,1,7,34,0.223,0.291,0.309,0.6,29,2,2,0,0,0,QUI,0.887123301
11,Kevin Medrano*,34,17,22,18,2,4,0,0,1,3,0,0,3,4,0.222,0.318,0.389,0.707,7,1,0,0,1,0,DSL,0.964253313
16,Jonathan Mendoza,19,50,121,117,18,26,3,0,0,9,1,0,2,36,0.222,0.24,0.248,0.488,29,5,1,0,1,0,CMP,0.989554266
1,Angel Aguilar,29,14,43,41,4,9,3,0,1,2,0,0,0,11,0.22,0.256,0.366,0.622,15,1,2,0,0,0,OAX,0.985605712
19,Yangervis Solarte#,36,20,83,73,9,16,2,0,2,10,0,0,9,8,0.219,0.301,0.329,0.63,24,8,0,0,1,0,ULA,0.968507678
22,Yefri Pérez#,33,21,78,73,12,16,1,0,0,5,4,0,3,10,0.219,0.247,0.233,0.48,17,4,0,1,1,0,LEO,1.107484945
5,Alejandro Flores#,28,30,98,83,16,18,4,1,3,8,1,1,11,21,0.217,0.316,0.398,0.713,33,1,1,3,0,0,ULA,0.968507678
16,Aderlin Rodríguez,32,46,183,162,18,35,10,0,10,25,3,1,15,43,0.216,0.29,0.463,0.753,75,6,3,0,3,2,TIJ,0.965961179
15,Domingo Leyba#,28,54,173,153,16,33,7,1,2,17,0,3,17,32,0.216,0.297,0.314,0.61,48,3,1,1,1,1,TAB,0.885204422
11,Jecksson Flores,30,72,213,176,36,38,9,0,3,10,9,1,16,28,0.216,0.324,0.318,0.642,56,2,12,9,0,0,MVA,0.986601464
13,Alberth Martinez,33,32,131,111,11,24,5,0,2,11,0,1,16,31,0.216,0.321,0.315,0.636,35,2,2,0,2,0,DUR,1.050243683
18,Francisco Lugo,32,29,38,37,3,8,2,0,0,5,0,0,1,4,0.216,0.237,0.27,0.507,10,0,0,0,0,0,TAB,0.885204422
19,Justin O'Conner,32,47,151,135,22,29,3,1,5,21,0,1,10,40,0.215,0.267,0.363,0.63,49,4,1,1,4,0,AGU,0.963026964
13,Gabriel Gutierrez,40,27,90,75,10,16,5,0,1,7,0,0,9,9,0.213,0.314,0.32,0.634,24,2,2,4,0,0,MEX,1.116054408
2,Carlos Baez#,18,19,35,33,2,7,0,0,0,4,0,3,1,13,0.212,0.257,0.212,0.469,7,0,1,0,0,0,JAL,1.010882902
13,Alex Liddi,35,50,196,166,23,35,5,1,6,23,4,1,27,65,0.211,0.327,0.361,0.688,60,4,2,0,1,2,VER,0.928407717
1,Ryan Aguilar*,29,63,113,95,16,20,3,3,1,12,2,0,15,31,0.211,0.315,0.337,0.652,32,1,0,2,1,0,DSL,0.964253313
13,Irving Lopez*,29,19,62,57,5,12,2,0,1,4,0,0,1,5,0.211,0.224,0.298,0.522,17,1,0,4,0,0,PUE,1.055090728
9,Fernando Flores#,32,27,67,62,2,13,3,1,0,5,0,0,4,8,0.21,0.258,0.29,0.548,18,7,0,1,0,0,VER,0.928407717
15,Carlos Mendivil*,30,26,67,62,7,13,4,0,1,8,0,1,2,10,0.21,0.227,0.323,0.55,20,1,0,1,2,0,DUR,1.050243683
8,Joshua Fuentes,31,67,264,245,27,51,7,2,3,19,1,1,12,60,0.208,0.255,0.29,0.545,71,7,4,1,2,0,YUC,0.91908046
3,Ti'Quan Forbes,27,41,74,63,15,13,1,0,2,10,1,1,6,23,0.206,0.311,0.318,0.628,20,2,4,0,1,0,QRO,1.148678145
15,Jefry Marte,33,11,48,39,5,8,1,0,3,7,0,0,9,11,0.205,0.354,0.462,0.816,18,1,0,0,0,0,LEO,1.107484945
11,Julian Leon,28,33,95,78,11,16,4,0,2,8,0,0,11,36,0.205,0.315,0.333,0.649,26,2,2,3,1,0,ULA,0.968507678
26,Ricardo Valenzuela,33,13,44,39,3,8,2,0,1,3,0,0,4,9,0.205,0.296,0.333,0.629,13,5,1,0,0,0,CHI,1.104916111
21,Italo Motta*,25,71,212,185,23,38,8,1,3,25,9,4,18,56,0.205,0.285,0.308,0.593,57,2,3,5,1,0,LEO,1.107484945
29,Ricardo Serrano#,38,56,192,172,16,35,5,0,5,18,0,1,15,47,0.204,0.272,0.32,0.592,55,1,2,1,2,1,CMP,0.989554266
12,Dilson Herrera,30,19,58,49,6,10,3,0,0,3,0,0,5,13,0.204,0.268,0.265,0.533,13,1,0,2,2,0,VER,0.928407717
3,Danny Amaral,27,39,109,93,18,19,1,0,1,7,17,1,11,22,0.204,0.302,0.247,0.549,23,1,2,3,0,0,MVA,0.986601464
5,José Briceño,31,46,162,148,21,30,5,0,1,12,0,0,9,29,0.203,0.256,0.257,0.513,38,6,2,2,1,0,MEX,1.116054408
6,Antonio Castaneda*,22,7,7,5,1,1,1,0,0,1,0,0,2,1,0.2,0.429,0.4,0.829,2,0,0,0,0,0,OAX,0.985605712
8,Eduardo Diaz,26,25,92,80,11,16,6,0,4,11,1,0,7,20,0.2,0.304,0.425,0.729,34,2,5,0,0,1,QUI,0.887123301
19,Cristian Mejia,24,8,14,10,2,2,1,0,0,0,0,0,3,5,0.2,0.429,0.3,0.729,3,0,1,0,0,0,OAX,0.985605712
35,Alexis Wilson,27,65,229,200,21,40,10,0,8,21,1,0,26,52,0.2,0.294,0.37,0.664,74,5,1,1,1,0,QUI,0.887123301
25,Ricardo Rincon*,26,10,7,5,1,1,0,0,0,0,0,0,2,1,0.2,0.429,0.2,0.629,1,0,0,0,0,0,VER,0.928407717
31,Heber Villalobos,20,3,7,5,0,1,0,0,0,0,0,0,2,2,0.2,0.429,0.2,0.629,1,0,0,0,0,0,OAX,0.985605712
4,Malquin Canelo,29,17,21,20,5,4,1,1,0,3,0,0,1,10,0.2,0.238,0.35,0.588,7,2,0,0,0,0,VER,0.928407717
10,Christopher Gastelum,19,52,119,105,12,21,3,0,2,12,2,4,11,25,0.2,0.288,0.286,0.574,30,2,2,1,0,0,JAL,1.010882902
19,Yonathan Mendoza#,30,4,14,10,3,2,0,0,0,1,1,0,3,1,0.2,0.357,0.2,0.557,2,0,0,0,1,0,LEO,1.107484945
2,Abiel Amador,22,6,5,5,1,1,0,0,0,1,0,0,0,2,0.2,0.2,0.2,0.4,1,0,0,0,0,0,AGU,0.963026964
25,Alex Robles,28,4,10,10,1,2,0,0,0,0,0,0,0,1,0.2,0.2,0.2,0.4,2,1,0,0,0,0,CMP,0.989554266
1,Micker Adolfo,27,30,106,91,16,18,4,0,5,16,0,1,11,32,0.198,0.311,0.407,0.718,37,2,4,0,0,0,LEO,1.107484945
21,Juan Rodriguez,27,50,115,101,13,20,3,1,1,10,2,0,10,35,0.198,0.287,0.277,0.564,28,2,3,0,1,0,DUR,1.050243683
23,Wendell Rijo,28,16,64,56,8,11,1,0,1,4,1,1,6,14,0.196,0.286,0.268,0.554,15,0,1,1,0,0,CMP,0.989554266
6,Jorge Bonifacio,31,34,143,118,22,23,3,1,6,17,1,0,19,35,0.195,0.315,0.39,0.705,46,0,3,0,3,2,TAB,0.885204422
14,Jefry Marte,33,12,51,41,9,8,1,0,3,7,0,0,7,5,0.195,0.353,0.439,0.792,18,1,3,0,0,0,PUE,1.055090728
34,Kevin Vicuña,26,11,39,36,2,7,1,1,0,1,3,1,2,5,0.194,0.256,0.278,0.534,10,0,1,0,0,0,QUI,0.887123301
21,Breyvic Valera#,32,18,38,31,8,6,2,0,0,2,1,0,5,3,0.194,0.297,0.258,0.555,8,1,0,1,1,0,TIJ,0.965961179
18,Miguel Ojeda,24,15,25,21,3,4,1,0,1,3,0,0,2,6,0.191,0.292,0.381,0.673,8,0,1,1,0,0,VER,0.928407717
22,Manny Olloque,28,12,28,21,3,4,0,0,0,1,0,0,7,9,0.191,0.393,0.191,0.583,4,0,0,0,0,0,QUI,0.887123301
1,José Aguilar,34,29,99,84,10,16,4,0,1,8,1,1,9,19,0.191,0.281,0.274,0.555,23,1,2,3,1,0,CMP,0.989554266
21,Sebastian Valle,33,13,40,37,4,7,2,0,2,6,0,0,3,15,0.189,0.25,0.405,0.655,15,1,0,0,0,0,YUC,0.91908046
3,Roldani Baldwin,28,15,53,48,6,9,1,0,1,6,0,1,4,20,0.188,0.25,0.271,0.521,13,1,0,1,0,0,VER,0.928407717
21,Juniel Querecuto#,31,10,37,32,2,6,3,0,0,3,0,0,1,8,0.188,0.235,0.281,0.517,9,1,1,3,0,0,SAL,0.996117193
9,Walter Ibarra#,36,15,34,32,5,6,1,0,0,0,0,0,1,8,0.188,0.212,0.219,0.431,7,1,0,1,0,0,YUC,0.91908046
17,Niko Hulsizer,27,11,44,38,7,7,1,1,3,6,1,0,6,19,0.184,0.296,0.5,0.796,19,0,0,0,0,0,QUI,0.887123301
9,Saul Garza,26,28,90,76,12,14,3,0,3,9,0,0,8,35,0.184,0.3,0.342,0.642,26,3,5,0,1,1,TIJ,0.965961179
6,Engel Beltré*,34,19,67,60,3,11,5,0,0,4,2,4,6,13,0.183,0.269,0.267,0.535,16,2,1,0,0,1,CMP,0.989554266
15,Juan Haro,21,7,12,11,0,2,1,0,0,2,0,0,1,7,0.182,0.25,0.273,0.523,3,0,0,0,0,0,QUI,0.887123301
29,David Washington*,33,3,12,11,2,2,0,0,0,1,0,0,1,7,0.182,0.25,0.182,0.432,2,0,0,0,0,1,SAL,0.996117193
26,Yangervis Solarte#,36,4,13,11,1,2,0,0,0,1,0,0,1,2,0.182,0.231,0.182,0.413,2,0,0,0,1,0,OAX,0.985605712
18,Alay Lago,32,10,29,28,1,5,0,0,0,1,0,0,0,4,0.179,0.207,0.179,0.386,5,1,1,0,0,0,QUI,0.887123301
13,Wilson Garcia#,30,15,54,51,5,9,2,0,1,5,0,0,2,12,0.177,0.204,0.275,0.478,14,3,0,0,1,0,AGU,0.963026964
16,Luis Santos,24,40,48,40,11,7,3,0,0,2,2,0,4,16,0.175,0.313,0.25,0.563,10,0,4,0,0,0,MTY,0.977770943
21,Orlando Pina,26,36,80,63,8,11,1,0,1,10,0,1,14,16,0.175,0.338,0.238,0.576,15,5,2,0,1,0,PUE,1.055090728
6,Narciso Crook,28,6,26,23,3,4,0,0,1,1,1,0,3,7,0.174,0.269,0.304,0.574,7,0,0,0,0,0,QUI,0.887123301
6,Eduardo Diaz,26,9,37,36,5,6,0,0,4,7,0,0,1,12,0.167,0.189,0.5,0.689,18,0,0,0,0,0,YUC,0.91908046
15,Yordi Martinez*,22,25,34,30,4,5,2,0,0,1,1,0,4,15,0.167,0.265,0.233,0.498,7,0,0,0,0,0,CMP,0.989554266
19,Jorge Morales,23,5,7,6,1,1,0,0,0,1,0,0,0,2,0.167,0.286,0.167,0.452,1,0,1,0,0,0,SAL,0.996117193
16,Manuel Melendez*,27,7,6,6,0,1,0,0,0,0,0,0,0,2,0.167,0.167,0.167,0.333,1,0,0,0,0,0,VER,0.928407717
1,Ismael Alcantara,25,4,6,6,0,1,0,0,0,0,1,0,0,3,0.167,0.167,0.167,0.333,1,0,0,0,0,0,AGU,0.963026964
7,Alonzo Harris,35,63,81,67,17,11,2,0,1,7,5,3,12,16,0.164,0.288,0.239,0.526,16,1,0,1,1,0,DSL,0.964253313
7,Logan Brown*,27,22,67,61,6,10,3,0,0,3,1,0,5,16,0.164,0.227,0.213,0.44,13,0,0,1,0,0,SAL,0.996117193
31,Carlos Villegas,19,26,75,67,6,11,0,0,0,7,2,2,3,17,0.164,0.24,0.164,0.404,11,0,4,0,1,0,CMP,0.989554266
7,Jose Cordova,40,14,37,31,7,5,1,0,2,5,0,0,4,9,0.161,0.297,0.387,0.684,12,0,2,0,0,0,MEX,1.116054408
9,Courtney Hawkins,30,7,28,25,3,4,1,0,0,1,0,0,3,13,0.16,0.25,0.2,0.45,5,1,0,0,0,1,PUE,1.055090728
5,Mario Feliciano,25,30,72,63,3,10,2,0,1,5,1,0,4,20,0.159,0.243,0.238,0.481,15,1,3,2,0,0,PUE,1.055090728
25,Noah Perio*,32,10,38,38,3,6,1,0,0,2,1,0,0,8,0.158,0.158,0.184,0.342,7,0,0,0,0,0,QUI,0.887123301
15,Jose Luna,31,12,17,13,4,2,0,0,0,0,0,1,3,7,0.154,0.353,0.154,0.507,2,1,1,0,0,0,VER,0.928407717
9,Khalil Lee*,26,3,15,13,2,2,1,0,0,0,0,0,2,1,0.154,0.267,0.231,0.498,3,0,0,0,0,0,CHI,1.104916111
27,Ronny Rodríguez,32,15,50,46,4,7,2,0,1,3,0,0,3,15,0.152,0.22,0.261,0.481,12,1,1,0,0,0,CMP,0.989554266
20,Max Murphy,31,5,23,20,2,3,1,0,0,5,0,2,3,5,0.15,0.261,0.2,0.461,4,2,0,0,0,0,SAL,0.996117193
5,Yeison Coca#,25,45,96,90,5,13,1,1,1,5,3,1,2,28,0.144,0.163,0.211,0.374,19,2,0,4,0,0,YUC,0.91908046
4,Lewis Brinson,30,3,10,7,1,1,0,0,0,0,0,0,3,5,0.143,0.4,0.143,0.543,1,0,0,0,0,0,AGU,0.963026964
26,Emiliano Valencia,21,14,9,7,3,1,0,0,0,0,0,0,2,0,0.143,0.333,0.143,0.476,1,1,0,0,0,0,TAB,0.885204422
7,Lewis Brinson,30,13,24,21,2,3,2,0,0,4,0,1,3,8,0.143,0.25,0.238,0.488,5,2,0,0,0,0,TAB,0.885204422
13,Omar Renteria,34,36,60,49,8,7,2,0,0,2,0,0,8,19,0.143,0.263,0.184,0.447,9,0,0,3,0,0,MTY,0.977770943
27,Alejandro Urias,22,23,31,28,6,4,2,1,0,0,0,0,1,7,0.143,0.2,0.286,0.486,8,4,1,1,0,0,DUR,1.050243683
1,Arismendy Alcántara#,32,3,8,7,1,1,0,0,0,0,0,0,1,2,0.143,0.25,0.143,0.393,1,0,0,0,0,0,QUI,0.887123301
19,Channy Ortiz#,25,4,9,7,1,1,0,0,0,0,0,0,2,2,0.143,0.333,0.143,0.476,1,0,0,0,0,0,CHI,1.104916111
28,Dillon Thomas*,31,2,8,7,2,1,0,0,0,0,0,0,1,5,0.143,0.25,0.143,0.393,1,1,0,0,0,0,OAX,0.985605712
6,Luis Garcia#,23,6,16,14,0,2,0,0,0,0,1,0,2,7,0.143,0.25,0.143,0.393,2,0,0,0,0,0,DUR,1.050243683
17,Isboseth Morales#,19,7,7,7,1,1,0,0,0,0,0,0,0,2,0.143,0.143,0.143,0.286,1,0,0,0,0,0,CMP,0.989554266
10,Hansen Lopez,23,19,42,36,4,5,2,0,0,3,0,0,5,18,0.139,0.262,0.194,0.456,7,1,1,0,0,0,CHI,1.104916111
26,German Revilla,23,16,31,29,4,4,1,0,0,3,0,0,1,12,0.138,0.194,0.172,0.366,5,1,1,0,0,0,QUI,0.887123301
5,Alejandro Flores#,28,15,49,44,4,6,0,0,0,4,0,0,4,12,0.136,0.204,0.136,0.341,6,1,0,0,1,0,DUR,1.050243683
15,Jacob Nottingham,29,28,93,82,11,11,1,1,4,11,1,1,6,41,0.134,0.226,0.317,0.543,26,2,4,0,1,0,JAL,1.010882902
22,Javier Sanchez,24,18,27,23,1,3,2,0,0,1,0,0,3,9,0.13,0.231,0.217,0.448,5,0,0,1,0,0,DUR,1.050243683
24,Jose Sermo#,33,8,34,31,4,4,1,0,2,4,0,0,2,11,0.129,0.206,0.355,0.561,11,2,1,0,0,0,DUR,1.050243683
8,Luis Garcia#,23,11,34,31,2,4,0,0,0,2,0,1,2,8,0.129,0.182,0.129,0.311,4,0,0,1,0,0,LEO,1.107484945
12,Billy Hamilton,33,11,48,39,2,5,1,0,0,3,2,1,9,12,0.128,0.292,0.154,0.446,6,0,0,0,0,0,TAB,0.885204422
24,Fernando Villalobos*,22,10,9,8,3,1,0,0,1,2,0,0,1,4,0.125,0.222,0.5,0.722,4,0,0,0,0,0,MEX,1.116054408
24,Maikol Perez,24,6,16,16,0,2,1,0,0,2,0,1,0,7,0.125,0.125,0.188,0.313,3,0,0,0,0,0,QUI,0.887123301
17,Jose Orrantia,25,22,29,25,1,3,0,0,0,1,0,0,4,12,0.12,0.241,0.12,0.361,3,0,0,0,0,0,JAL,1.010882902
5,Marcus Chiu,27,4,12,9,0,1,0,0,0,0,1,0,2,5,0.111,0.273,0.111,0.384,1,0,0,1,0,0,QUI,0.887123301
9,Jesus Fabela,29,5,10,9,1,1,1,0,0,0,0,0,1,3,0.111,0.2,0.222,0.422,2,0,0,0,0,0,MEX,1.116054408
20,Carlos Pacheco,25,22,28,27,2,3,0,1,0,0,1,0,1,13,0.111,0.143,0.185,0.328,5,2,0,0,0,0,CHI,1.104916111
27,Jorge Rivera,23,19,31,30,0,3,0,0,0,1,1,0,1,9,0.1,0.129,0.1,0.229,3,1,0,0,0,0,QUI,0.887123301
24,Diego Rincones,25,5,18,13,1,1,0,0,0,0,0,0,5,2,0.077,0.333,0.077,0.41,1,1,0,0,0,0,CMP,0.989554266
14,Alan Lopez*,28,16,17,15,4,1,0,0,0,0,0,1,2,7,0.067,0.177,0.067,0.243,1,0,0,0,0,0,LEO,1.107484945
32,Shane Skelly,22,17,34,32,0,2,0,0,0,0,0,0,2,24,0.063,0.118,0.063,0.18,2,1,0,0,0,0,QUI,0.887123301
11,Alex Liddi,35,11,23,18,2,1,1,0,0,2,1,0,5,9,0.056,0.261,0.111,0.372,2,0,0,0,0,0,YUC,0.91908046
8,Manny Garcia,26,2,2,1,0,0,0,0,0,0,0,0,1,1,0,0.5,0,0.5,0,0,0,0,0,0,TIJ,0.965961179
36,Hans Wilson,33,3,3,2,0,0,0,0,0,1,0,0,1,1,0,0.333,0,0.333,0,0,0,0,0,0,QUI,0.887123301
9,Eduardo Luna#,20,5,3,2,0,0,0,0,0,0,0,0,0,2,0,0.333,0,0.333,0,0,1,0,0,0,DSL,0.964253313
8,Gael Guzman,19,11,11,10,1,0,0,0,0,0,0,0,1,3,0,0.091,0,0.091,0,1,0,0,0,0,ULA,0.968507678
6,Braulio Cavero*,18,10,10,9,1,0,0,0,0,0,0,0,1,5,0,0.1,0,0.1,0,0,0,0,0,0,MVA,0.986601464
6,Ivan Chavez#,23,22,9,9,2,0,0,0,0,0,0,0,0,4,0,0,0,0,0,0,0,0,0,0,VER,0.928407717
20,Ivan Morales,23,7,8,7,1,0,0,0,0,0,0,0,1,3,0,0.125,0,0.125,0,0,0,0,0,0,LEO,1.107484945
11,Elmer Lopez,22,8,7,7,0,0,0,0,0,0,0,0,0,4,0,0,0,0,0,0,0,0,0,0,DUR,1.050243683
18,Gustavo Ruiz,24,5,7,7,0,0,0,0,0,0,0,0,0,2,0,0,0,0,0,0,0,0,0,0,JAL,1.010882902
3,Eduardo Arredono#,18,4,7,7,1,0,0,0,0,0,0,0,0,2,0,0,0,0,0,0,0,0,0,0,CMP,0.989554266
18,Marcos Valenzuela*,21,6,6,6,0,0,0,0,0,0,0,0,0,0,0,0,0,0,0,0,0,0,0,0,DSL,0.964253313
22,Gersel Pitre,27,4,6,6,0,0,0,0,0,0,0,0,0,1,0,0,0,0,0,0,0,0,0,0,PUE,1.055090728
10,Robbie Glendinning,28,3,6,6,0,0,0,0,0,0,0,0,0,2,0,0,0,0,0,0,0,0,0,0,TAB,0.885204422
16,Shed Long Jr.*,28,3,6,6,0,0,0,0,0,0,0,0,0,1,0,0,0,0,0,0,0,0,0,0,TAB,0.885204422
13,Jesus Higuera,17,4,6,6,0,0,0,0,0,0,0,0,0,3,0,0,0,0,0,0,0,0,0,0,CMP,0.989554266
8,Bryan Corral*,19,16,5,5,3,0,0,0,0,0,0,0,0,1,0,0,0,0,0,0,0,0,0,0,MVA,0.986601464
2,Luis Amador,20,4,4,4,0,0,0,0,0,0,0,0,0,2,0,0,0,0,0,1,0,0,0,0,TIJ,0.965961179
27,David Washington*,33,1,4,4,0,0,0,0,0,0,0,0,0,4,0,0,0,0,0,0,0,0,0,0,CHI,1.104916111
10,Aldo Flores*,28,4,3,3,2,0,0,0,0,0,0,0,0,1,0,0,0,0,0,0,0,0,0,0,AGU,0.963026964
12,Edson Garcia#,31,3,3,3,0,0,0,0,0,0,0,0,0,2,0,0,0,0,0,0,0,0,0,0,AGU,0.963026964
3,Gerardo Castañeda#,25,4,3,3,0,0,0,0,0,0,0,0,0,0,0,0,0,0,0,1,0,0,0,0,PUE,1.055090728
11,Alfredo Hurtado#,26,4,3,3,0,0,0,0,0,0,0,0,0,3,0,0,0,0,0,0,0,0,0,0,LEO,1.107484945
37,Yandy Yánes,26,1,3,3,0,0,0,0,0,0,0,0,0,1,0,0,0,0,0,0,0,0,0,0,QUI,0.887123301
25,Axel Santos,20,5,2,2,1,0,0,0,0,0,0,0,0,0,0,0,0,0,0,1,0,0,0,0,AGU,0.963026964
14,Ivan Lozano*,19,5,2,2,0,0,0,0,0,0,0,0,0,2,0,0,0,0,0,0,0,0,0,0,VER,0.928407717
27,Darnell Sweeney#,33,5,2,2,2,0,0,0,0,0,1,1,0,2,0,0,0,0,0,0,0,0,0,0,PUE,1.055090728
16,Josuán Hernández,30,2,2,2,0,0,0,0,0,0,0,0,0,2,0,0,0,0,0,0,0,0,0,0,QUI,0.887123301
12,Cristian Mejia,24,1,1,1,0,0,0,0,0,0,0,0,0,0,0,0,0,0,0,0,0,0,0,0,DSL,0.964253313
16,Victor Rodriguez*,17,1,1,1,0,0,0,0,0,0,0,0,0,0,0,0,0,0,0,0,0,0,0,0,ULA,0.968507678
4,Omar Bustamante,18,2,1,1,0,0,0,0,0,0,0,0,0,0,0,0,0,0,0,0,0,0,0,0,MVA,0.986601464
3,Kevin Armenta,21,1,1,1,0,0,0,0,0,0,0,0,0,0,0,0,0,0,0,0,0,0,0,0,SAL,0.996117193
22,Juan Vazquez,--,1,1,1,0,0,0,0,0,0,0,0,0,0,0,0,0,0,0,0,0,0,0,0,JAL,1.010882902
18,Leonardo Ortiz,16,1,1,1,0,0,0,0,0,0,0,0,0,1,0,0,0,0,0,0,0,0,0,0,MEX,1.116054408
23,Jose Verdugo,16,1,1,1,0,0,0,0,0,0,0,0,0,1,0,0,0,0,0,0,0,0,0,0,MEX,1.116054408
25,Edwin Villavicencio,16,1,1,1,0,0,0,0,0,0,0,0,0,0,0,0,0,0,0,0,0,0,0,0,MEX,1.116054408
13,Carlos Garcia*,17,1,1,1,0,0,0,0,0,0,0,0,0,0,0,0,0,0,0,0,0,0,0,0,OAX,0.985605712
4,Jacob Barfield,28,3,1,1,0,0,0,0,0,0,0,0,0,1,0,0,0,0,0,0,0,0,0,0,TAB,0.885204422
14,Carlos Gastelum,44,1,1,0,0,0,0,0,0,0,0,0,1,0,0,1,0,0,0,0,0,0,0,0,QUI,0.887123301
18,Christian Morales,22,3,0,0,2,0,0,0,0,0,0,0,0,0,0,0,0,0,0,0,0,0,0,0,SAL,0.996117193
